{
  "vertexCount": 3586299,
  "pathPointCount": 250,
  "summit": {
    "x": -1.7670460939407349,
    "y": 8.646878242492676,
    "z": -10.254951477050781
  },
  "boundingBox": {
    "min": {
      "x": -9.264721870422363,
      "y": -8.646878242492676,
      "z": -18
    },
    "max": {
      "x": 9.264721870422363,
      "y": 8.646878242492676,
      "z": 0
    }
  }
}